{"churn": 0.5245290398597717, "propensity_category": 0.685001027584076, "propensity_sku": 0.6203544437885284}