{"churn": 0.6993365287780762, "propensity_category": 0.7590350747108461, "propensity_sku": 0.7107518613338472}