{"churn": 0.8090429306030273, "propensity_category": 0.6976520597934723, "propensity_sku": 0.6462106585502624}