{"churn": 0.6533153057098389, "propensity_category": 0.7217708647251129, "propensity_sku": 0.6972427070140839}