{"churn": 0.690625786781311, "propensity_category": 0.7466225445270539, "propensity_sku": 0.7136934041976929}