{"churn": 0.7289844751358032, "propensity_category": 0.7784604012966156, "propensity_sku": 0.7474240958690643}