{"churn": 0.6938564777374268, "propensity_category": 0.7538380026817322, "propensity_sku": 0.7277026772499086}