{"churn": 0.8160309791564941, "propensity_category": 0.7880322873592377, "propensity_sku": 0.7781119644641877}