{"churn": 0.7252009510993958, "propensity_category": 0.7488653481006622, "propensity_sku": 0.7099547863006593}