{"churn": 0.815413236618042, "propensity_category": 0.7869551479816438, "propensity_sku": 0.7726360619068147}