{"churn": 0.7822142839431763, "propensity_category": 0.7564417898654938, "propensity_sku": 0.7154958248138429}