{"churn": 0.6979284286499023, "propensity_category": 0.7604927361011505, "propensity_sku": 0.7193679094314576}