{"churn": 0.728125810623169, "propensity_category": 0.7758596897125245, "propensity_sku": 0.7428385734558105}