{"churn": 0.7280543446540833, "propensity_category": 0.7749602973461152, "propensity_sku": 0.7362862527370453}