{"churn": 0.7279183864593506, "propensity_category": 0.7750739932060242, "propensity_sku": 0.7455278515815735}