{"churn": 0.781059980392456, "propensity_category": 0.7557111203670502, "propensity_sku": 0.7126707911491394}