{"churn": 0.6967481374740601, "propensity_category": 0.7615546464920044, "propensity_sku": 0.7166772603988648}