{"churn": 0.6914922595024109, "propensity_category": 0.7488651692867279, "propensity_sku": 0.7093859553337097}