{"churn": 0.5502469539642334, "propensity_category": 0.7344773411750793, "propensity_sku": 0.6751901268959046}